"","filename","model","vin","price","mileage","color","transmission","engine_displacement","name_seller","street","phone","website"
"1","1.txt","2012 Chevrolet Camaro SS","2G1FT1EW1C9106920","$29,896","16,324","Exterior: BlackInterior: Black",NA,"6.2","Automax Preowned of Framingham ","1199 Worcester Rd Framingham, MA 01701","(508) 205-1046","automaxpreowned.com/"
"2","2.txt","2013 Chevrolet Equinox LT","2GNFLNEK7D6324351","$18,797","61,095","Exterior: Summit WhiteInterior: Light Titanium",NA,"2.4","Automax Preowned of Framingham ","1199 Worcester Rd Framingham, MA 01701","(508) 205-1046","automaxpreowned.com/"
"3","3.txt","2013 Nissan Altima 2","1N4AL3AP5DN569028","$15,792","40,880","Exterior: Super BlackInterior: Charcoal","CVT ","2.5","Automax Preowned of Framingham ","1199 Worcester Rd Framingham, MA 01701","(508) 205-1046","automaxpreowned.com/"
"4","4.txt","2009 Infiniti M35x X","JNKCY01F29M851648","$18,288","76,108","Exterior: Blue SlateInterior: Graphite","Automatic 5-Speed","3.5","Automax Preowned of Framingham ","1199 Worcester Rd Framingham, MA 01701","(508) 205-1046","automaxpreowned.com/"
"5","5.txt","2013 Infiniti G37x X","JN1CV6AR2DM763007","$26,389","14,942","Exterior: Black ObsidianInterior: Graphite","Automatic 7-Speed","3.7","Automax Preowned of Framingham ","1199 Worcester Rd Framingham, MA 01701","(508) 205-1046","automaxpreowned.com/"
"6","6.txt","2012 Acura MDX 3","2HNYD2H20CH537485","$28,996","35,230","Exterior: Aspen White Pearl IiInterior: Parchment","Automatic 6-Speed","3.7","Automax Preowned of Framingham ","1199 Worcester Rd Framingham, MA 01701","(508) 205-1046","automaxpreowned.com/"
"7","7.txt","2010 Toyota Yaris","JTDBT4K31A1368794",NA,"94,227","Exterior: Gray","Automatic 4-Speed","1.5","Rt 9 Auto Sales ","1221 Worcester Rd Framingham, MA 01701","(508) 213-4680","www.rt9autos.com"
"8","8.txt","2012 Acura RDX Base","5J8TB1H28CA000511","$24,995","36,641","Exterior: Bellanova White PearlInterior: Taupe","Automatic 5-Speed","2.3","Automax Preowned of Framingham ","1199 Worcester Rd Framingham, MA 01701","(508) 205-1046","automaxpreowned.com/"
"9","9.txt","2014 Chevrolet Cruze 1LT Auto","1G1PC5SB1E7464908","$15,995","7,914","Exterior: Tungsten MetallicInterior: Jet Black","Automatic 6-Speed","1.4","Automax Preowned of Framingham ","1199 Worcester Rd Framingham, MA 01701","(508) 205-1046","automaxpreowned.com/"
"10","10.txt","2009 Lexus IS 250","JTHCK262695031859",NA,"81,136","Exterior: WhiteInterior: Tan","Automatic 6-Speed","2.5","Rt 9 Auto Sales ","1221 Worcester Rd Framingham, MA 01701","(508) 213-4680","www.rt9autos.com"
"11","11.txt","2013 Toyota Camry SE","4T1BF1FK4DU269358","$14,995","52,017","Exterior: Classic Silver MetallicInterior: Black","Automatic 6-Speed","2.5","Automax Preowned of Framingham ","1199 Worcester Rd Framingham, MA 01701","(508) 205-1046","automaxpreowned.com/"
"12","12.txt","2014 Honda CR-Z","JHMZF1D48ES002209","$16,495","17,629","Exterior: North Shore Blue PearlInterior: Black","CVT ","1.5","Automax Preowned of Framingham ","1199 Worcester Rd Framingham, MA 01701","(508) 205-1046","automaxpreowned.com/"
"13","13.txt","2008 BMW 335 xi","WBAVD53548A285108",NA,"93,378","Exterior: GrayInterior: Black",NA,"3.0","Rt 9 Auto Sales ","1221 Worcester Rd Framingham, MA 01701","(508) 213-4680","www.rt9autos.com"
"14","14.txt","2013 Nissan Juke SL","JN8AF5MV7DT211274","$21,677","21,221","Exterior: Graphite BlueInterior: Black","CVT ","1.6","Automax Preowned of Framingham ","1199 Worcester Rd Framingham, MA 01701","(508) 205-1046","automaxpreowned.com/"
"15","15.txt","2013 Dodge Durango SXT","1C4RDJAG8DC693420","$26,495","23,581","Exterior: Bright White ClearcoatInterior: Medium Graystone","Automatic 5-Speed","3.6","Automax Preowned of Framingham ","1199 Worcester Rd Framingham, MA 01701","(508) 205-1046","automaxpreowned.com/"
"16","16.txt","2012 Toyota Camry 4dr Sedan I4 Automatic SE","4T1BF1FK2CU592080","$16,991","27,197","Exterior: Attitude Black MetallicInterior: Black","6-Speed AutomaticFafama Auto Sales",NA,"Fafama Auto Sales ","5 Cape Rd Milford, MA 01757","(508) 232-6214","www.fafama.com/"
"17","17.txt","2012 Toyota Venza LE","4T3ZA3BBXCU060002","$17,896","34,963","Exterior: BlackInterior: Light Gray","Automatic 6-Speed","2.7","Automax Preowned of Framingham ","1199 Worcester Rd Framingham, MA 01701","(508) 205-1046","automaxpreowned.com/"
"18","18.txt","2014 Nissan Juke S","JN8AF5MV2ET364209","$18,797","25,693","Exterior: Cayenne RedInterior: Black","CVT ","1.6","Automax Preowned of Framingham ","1199 Worcester Rd Framingham, MA 01701","(508) 205-1046","automaxpreowned.com/"
"19","19.txt","2012 Toyota Corolla","2T1BU4EE7CC880942",NA,"39,335","Exterior: BlackInterior: Gray",NA,"1.8","Rt 9 Auto Sales ","1221 Worcester Rd Framingham, MA 01701","(508) 213-4680","www.rt9autos.com"
"20","20.txt","2012 Honda Pilot EX-L","5FNYF4H56CB028710","$26,789","30,015","Exterior: Alabaster Silver MetallicInterior: Gray","Automatic 5-Speed","3.5","Automax Preowned of Framingham ","1199 Worcester Rd Framingham, MA 01701","(508) 205-1046","automaxpreowned.com/"
"21","21.txt","2013 Ford Fusion 4dr Sedan SE FWD","3FA6P0HR4DR305750","$14,644","32,321","Exterior: Bordeaux ReserveInterior: Charcoal Black","6-Speed Automatic","1.6","Fafama Auto Sales ","5 Cape Rd Milford, MA 01757","(508) 232-6214","www.fafama.com/"
"22","22.txt","2012 Toyota Corolla LE","2T1BU4EE7CC880942","$13,288","38,920","Exterior: Black Sand PearlInterior: Ash",NA,"1.8","Automax Preowned of Framingham ","1199 Worcester Rd Framingham, MA 01701","(508) 205-1046","automaxpreowned.com/"
"23","23.txt","2012 Nissan Rogue SL","JN8AS5MV7CW366271","$18,488","42,795","Exterior: Brilliant Silver MetallicInterior: Black","CVT ","2.5","Automax Preowned of Framingham ","1199 Worcester Rd Framingham, MA 01701","(508) 205-1046","automaxpreowned.com/"
"24","24.txt","2013 Chrysler 200 Touring","1C3CCBBG9DN623897",NA,"46,752","Exterior: BlackInterior: Black",NA,"3.6","Rt 9 Auto Sales ","1221 Worcester Rd Framingham, MA 01701","(508) 213-4680","www.rt9autos.com"
"25","25.txt","2013 Mazda Mazda3 i","JM1BL1TG1D1814382","$12,797","32,055","Exterior: Black MicaInterior: Black",NA,"2.0","Automax Preowned of Framingham ","1199 Worcester Rd Framingham, MA 01701","(508) 205-1046","automaxpreowned.com/"
"26","26.txt","2012 Acura TSX 4dr Sedan I4 Automatic","JH4CU2F4XCC010060","$18,644","35,817","Exterior: Bellanova White PearlInterior: Tan","5-Speed Automatic","2.4","Fafama Auto Sales ","5 Cape Rd Milford, MA 01757","(508) 232-6214","www.fafama.com/"
"27","27.txt","2013 Toyota Corolla LE","5YFBU4EE2DP121617","$12,389","53,335","Exterior: Black Sand PearlInterior: Ash","Manual 5-Speed","1.8","Automax Preowned of Framingham ","1199 Worcester Rd Framingham, MA 01701","(508) 205-1046","automaxpreowned.com/"
"28","28.txt","2014 Volkswagen Beetle 2","3VWFP7AT5EM620903","$14,998","35,283","Exterior: Black UniInterior: Black","Automatic 6-Speed","2.5","Automax Preowned of Framingham ","1199 Worcester Rd Framingham, MA 01701","(508) 205-1046","automaxpreowned.com/"
"29","29.txt","2010 Mercedes-Benz C300","WDDGF8BB7AR122979",NA,"82,212","Exterior: SilverInterior: Black","Automatic 7-Speed","3.0","Rt 9 Auto Sales ","1221 Worcester Rd Framingham, MA 01701","(508) 213-4680","www.rt9autos.com"
"30","30.txt","2012 MINI Cooper Base","WMWSX1C53CT507069","$15,998","19,618","Exterior: Midnight Black MetallicInterior: Carbon Black",NA,"1.6","Automax Preowned of Framingham ","1199 Worcester Rd Framingham, MA 01701","(508) 205-1046","automaxpreowned.com/"
"31","31.txt","2011 Nissan Maxima 4dr Sedan V6 CVT 3","1N4AA5AP3BC861691","$18,991","58,989","Exterior: Winter Frost PearlInterior: Cafe Latte","CVT","3.5","Fafama Auto Sales ","5 Cape Rd Milford, MA 01757","(508) 232-6214","www.fafama.com/"
"32","32.txt","2013 Ford Edge SEL","2FMDK4JC9DBB23565","$25,277","36,634","Exterior: Tuxedo Black MetallicInterior: Charcoal Black","Automatic 6-Speed","3.5","Automax Preowned of Framingham ","1199 Worcester Rd Framingham, MA 01701","(508) 205-1046","automaxpreowned.com/"
"33","33.txt","2012 Honda CR-V EX","5J6RM4H55CL049629","$19,995","31,187","Exterior: Urban Titanium MetallicInterior: Black","Automatic 5-Speed","2.4","Automax Preowned of Framingham ","1199 Worcester Rd Framingham, MA 01701","(508) 205-1046","automaxpreowned.com/"
"34","34.txt","2008 Toyota Tundra 5","5TBRV54158S480224",NA,"77,528","Exterior: WhiteInterior: Gray Cloth","Automatic 6-Speed","5.7","Rt 9 Auto Sales ","1221 Worcester Rd Framingham, MA 01701","(508) 213-4680","www.rt9autos.com"
"35","35.txt","2013 Mercedes-Benz C300 C300","WDDGF8AB3DR267300","$29,595","30,403","Exterior: BlackInterior: Black","Automatic 7-Speed","3.5","Automax Preowned of Framingham ","1199 Worcester Rd Framingham, MA 01701","(508) 205-1046","automaxpreowned.com/"
"36","36.txt","2012 Cadillac SRX Luxury","3GYFNDE39CS560709","$25,497","32,811","Exterior: GrayInterior: Titanium","Automatic 6-Speed","3.6","Automax Preowned of Framingham ","1199 Worcester Rd Framingham, MA 01701","(508) 205-1046","automaxpreowned.com/"
"37","37.txt","2012 Hyundai Tucson FWD 4dr Automatic GL","KM8JT3AB8CU503572","$13,991","43,893","Exterior: Ash BlackInterior: Gray","6-Speed Automatic","2.0","Fafama Auto Sales ","5 Cape Rd Milford, MA 01757","(508) 232-6214","www.fafama.com/"
"38","38.txt","2008 Mitsubishi Lancer GTS","JA3AU86U28U042903","$10,797","76,511","Exterior: Tarmac Black PearlInterior: Black",NA,"2.0","Automax Preowned of Framingham ","1199 Worcester Rd Framingham, MA 01701","(508) 205-1046","automaxpreowned.com/"
"39","39.txt","2012 Nissan Maxima 3","1N4AA5AP5CC802370","$20,458","41,155","Exterior: Super BlackInterior: Charcoal","CVT ","3.5","Automax Preowned of Framingham ","1199 Worcester Rd Framingham, MA 01701","(508) 205-1046","automaxpreowned.com/"
"40","40.txt","2014 Ford Mustang V6","1ZVBP8EM1E5299939",NA,"32,452","Exterior: BlackInterior: Gray",NA,"3.7","Rt 9 Auto Sales ","1221 Worcester Rd Framingham, MA 01701","(508) 213-4680","www.rt9autos.com"
"41","41.txt","2013 Nissan Rogue SL","JN8AS5MV3DW106242","$19,998","44,782","Exterior: Graphite Blue MetallicInterior: Black","CVT ","2.5","Automax Preowned of Framingham ","1199 Worcester Rd Framingham, MA 01701","(508) 205-1046","automaxpreowned.com/"
"42","42.txt","2012 Honda Civic LX","2HGFB2F50CH558421","$13,277","28,715","Exterior: Crystal Black PearlInterior: Stone","Automatic 5-Speed","1.8","Automax Preowned of Framingham ","1199 Worcester Rd Framingham, MA 01701","(508) 205-1046","automaxpreowned.com/"
"43","43.txt","2012 Ford Econoline Cargo Van E-250 Commercial","1FTNE2EL1CDA17375","$17,991","83,737","Exterior: Oxford WhiteInterior: Medium flint","4-Speed Automatic","5.4","Fafama Auto Sales ","5 Cape Rd Milford, MA 01757","(508) 232-6214","www.fafama.com/"
"44","44.txt","2012 Nissan Frontier","1N6AD0EV4CC409471",NA,"72,989","Exterior: SilverInterior: Gray Cloth",NA,"4.0","Rt 9 Auto Sales ","1221 Worcester Rd Framingham, MA 01701","(508) 213-4680","www.rt9autos.com"
"45","45.txt","2012 Kia Soul 5dr Wagon Automatic ","KNDJT2A69C7391199","$11,644","57,122","Exterior: Bright Silver MetallicInterior: Black seat trim","6-Speed Automatic","2.0","Fafama Auto Sales ","5 Cape Rd Milford, MA 01757","(508) 232-6214","www.fafama.com/"
"46","46.txt","2013 Nissan Altima 4dr Sedan I4 2","1N4AL3AP7DC902471","$16,991","32,723","Exterior: Pearl WhiteInterior: Charcoal","Automatic","2.5","Fafama Auto Sales ","5 Cape Rd Milford, MA 01757","(508) 232-6214","www.fafama.com/"
"47","47.txt","2012 Chrysler Town ","2C4RC1BG2CR364168","$19,991","25,292","Exterior: True Blue PearlInterior: Black","6-Speed Automatic","3.6","Fafama Auto Sales ","5 Cape Rd Milford, MA 01757","(508) 232-6214","www.fafama.com/"
"48","48.txt","2012 Toyota RAV4 4WD 4dr I4","2T3BF4DV2CW206196","$17,644","38,208","Exterior: Classic Silver MetallicInterior: Gray","4-Speed Automatic","2.5","Fafama Auto Sales ","5 Cape Rd Milford, MA 01757","(508) 232-6214","www.fafama.com/"
"49","49.txt","2014 Ford Fiesta 5dr Hatchback SE","3FADP4EJXEM107699","$12,644","23,378","Exterior: Tuxedo Black MetallicInterior: Charcoal Black","5-Speed Automatic","1.6","Fafama Auto Sales ","5 Cape Rd Milford, MA 01757","(508) 232-6214","www.fafama.com/"
"50","50.txt","2011 Mercedes-Benz C-Class 4dr Sedan C300 Sport 4MATIC","WDDGF8BB8BR177605","$18,644","59,517","Exterior: Iridium Silver MetallicInterior: Black","7-Speed Automatic","3.0","Fafama Auto Sales ","5 Cape Rd Milford, MA 01757","(508) 232-6214","www.fafama.com/"
"51","51.txt","2013 Infiniti G37x X","JN1CV6AR9DM762274","$23,977","38,768","Exterior: Black ObsidianInterior: Graphite","Automatic 7-Speed","3.7","Automax Preowned of Framingham ","1199 Worcester Rd Framingham, MA 01701","(508) 205-1046","automaxpreowned.com/"
"52","52.txt","2013 Nissan Altima 2","1N4AL3AP0DC265911","$14,998","38,875","Exterior: Storm Blue MetallicInterior: Charcoal","CVT ","2.5","Automax Preowned of Framingham ","1199 Worcester Rd Framingham, MA 01701","(508) 205-1046","automaxpreowned.com/"
"53","53.txt","2014 Hyundai Sonata GLS","5NPEB4AC1EH812904",NA,"41,318","Exterior: Silver","Automatic 6-Speed","2.4","Rt 9 Auto Sales ","1221 Worcester Rd Framingham, MA 01701","(508) 213-4680","www.rt9autos.com"
"54","54.txt","2012 Lexus IS 250 250","JTHCF5C21C5056153","$25,797","25,941","Exterior: Deep Sea MicaInterior: Black","Automatic 6-Speed","2.5","Automax Preowned of Framingham ","1199 Worcester Rd Framingham, MA 01701","(508) 205-1046","automaxpreowned.com/"
"55","55.txt","2013 BMW 328i 328i xDrive","WBA3B5C53DF596197","$28,289","15,011","Exterior: Alpine WhiteInterior: Black","Automatic 8-Speed","2.0","Automax Preowned of Framingham ","1199 Worcester Rd Framingham, MA 01701","(508) 205-1046","automaxpreowned.com/"
"56","56.txt","2014 Volkswagen Passat 2","1VWAP7A3XEC013553",NA,"40,207","Exterior: BlueInterior: Black","Automatic 6-Speed","2.5","Rt 9 Auto Sales ","1221 Worcester Rd Framingham, MA 01701","(508) 213-4680","www.rt9autos.com"
"57","57.txt","2013 Ford Transit Connect XLT Premium","NM0KS9CN5DT145101","$17,995","27,422","Exterior: Noisette MetallicInterior: Dark Gray","Automatic 4-Speed","2.0","Automax Preowned of Framingham ","1199 Worcester Rd Framingham, MA 01701","(508) 205-1046","automaxpreowned.com/"
"58","58.txt","2014 Nissan Altima 2","1N4AL3AP3EC272207","$14,688","41,027","Exterior: Pearl WhiteInterior: Beige","CVT ","2.5","Automax Preowned of Framingham ","1199 Worcester Rd Framingham, MA 01701","(508) 205-1046","automaxpreowned.com/"
"59","59.txt","2012 Land Rover LR4 HSE","SALAG2D44CA628952","$42,999","18,491","Exterior: Santorini BlackInterior: Ebony","Automatic 6-Speed","5.0","Automax Preowned of Framingham ","1199 Worcester Rd Framingham, MA 01701","(508) 205-1046","automaxpreowned.com/"
"60","60.txt","2013 Chevrolet Malibu 1LT","1G11C5SA1DF334323",NA,"52,117","Exterior: SilverInterior: Black Cloth","Automatic 6-Speed","2.5","Rt 9 Auto Sales ","1221 Worcester Rd Framingham, MA 01701","(508) 213-4680","www.rt9autos.com"
"61","61.txt","2014 Nissan Altima 2","1N4AL3AP9EC120805","$15,995","23,898","Exterior: Super BlackInterior: Charcoal","CVT ","2.5","Automax Preowned of Framingham ","1199 Worcester Rd Framingham, MA 01701","(508) 205-1046","automaxpreowned.com/"
"62","62.txt","2014 Ford Mustang V6","1ZVBP8EM8E5272172","$22,688","35,425","Exterior: BlackInterior: Charcoal Black",NA,"3.7","Automax Preowned of Framingham ","1199 Worcester Rd Framingham, MA 01701","(508) 205-1046","automaxpreowned.com/"
"63","63.txt","2007 Acura MDX 3","2HNYD28597H505313",NA,"100,963","Exterior: BlackInterior: Black","Automatic 5-Speed","3.7","Rt 9 Auto Sales ","1221 Worcester Rd Framingham, MA 01701","(508) 213-4680","www.rt9autos.com"
"64","64.txt","2012 GMC Acadia SLT-1","1GKKVRED0CJ230330","$25,995","31,313","Exterior: Carbon Black MetallicInterior: Ebony","Automatic 6-Speed","3.6","Automax Preowned of Framingham ","1199 Worcester Rd Framingham, MA 01701","(508) 205-1046","automaxpreowned.com/"
"65","65.txt","2012 Acura MDX 3","2HNYD2H23CH533298","$28,596","28,488","Exterior: Palladium MetallicInterior: Ebony","Automatic 6-Speed","3.7","Automax Preowned of Framingham ","1199 Worcester Rd Framingham, MA 01701","(508) 205-1046","automaxpreowned.com/"
"66","66.txt","2011 Honda Civic LX","2HGFG1B66BH510429",NA,"45,494","Exterior: WhiteInterior: Grey Cloth","Automatic 5-Speed","1.8","Rt 9 Auto Sales ","1221 Worcester Rd Framingham, MA 01701","(508) 213-4680","www.rt9autos.com"
"67","67.txt","2012 Lexus ES 350 350","JTHBK1EG7C2492533","$24,995","22,514","Exterior: ObsidianInterior: Black","Automatic 6-Speed","3.5","Automax Preowned of Framingham ","1199 Worcester Rd Framingham, MA 01701","(508) 205-1046","automaxpreowned.com/"
"68","68.txt","2013 Mercedes-Benz C300 C300","WDDGF8AB8DA834213","$27,997","18,345","Exterior: BlackInterior: Black","Automatic 7-Speed","3.5","Automax Preowned of Framingham ","1199 Worcester Rd Framingham, MA 01701","(508) 205-1046","automaxpreowned.com/"
"69","69.txt","2013 Chevrolet Sonic LT Auto","1G1JC6SH2D4193731",NA,"51,538","Exterior: WhiteInterior: Black Cloth","Automatic 6-Speed","1.8","Rt 9 Auto Sales ","1221 Worcester Rd Framingham, MA 01701","(508) 213-4680","www.rt9autos.com"
"70","70.txt","2012 Toyota Sienna XLE","5TDYK3DC0CS266171","$26,997","34,079","Exterior: Silver Sky MetallicInterior: Light Gray","Automatic 6-Speed","3.5","Automax Preowned of Framingham ","1199 Worcester Rd Framingham, MA 01701","(508) 205-1046","automaxpreowned.com/"
"71","71.txt","2013 Mercedes-Benz C300 C300","WDDGF8AB5DR272353","$25,898","33,082","Exterior: BlackInterior: Black","Automatic 7-Speed","3.5","Automax Preowned of Framingham ","1199 Worcester Rd Framingham, MA 01701","(508) 205-1046","automaxpreowned.com/"
"72","72.txt","2011 Jeep Wrangler Unlimited Unlimited Sahara","1J4HA5H13BL561847","$28,877","32,984","Exterior: Natural Green PearlcoatInterior: Black",NA,"3.8","Automax Preowned of Framingham ","1199 Worcester Rd Framingham, MA 01701","(508) 205-1046","automaxpreowned.com/"
"73","73.txt","2006 Toyota Tacoma V6","5TELU42N06Z148918",NA,"106,131","Exterior: GoldInterior: Tan","Automatic 5-Speed","4.0","Rt 9 Auto Sales ","1221 Worcester Rd Framingham, MA 01701","(508) 213-4680","www.rt9autos.com"
"74","74.txt","2015 Volvo V60 T5 Premier","YV140MEB1F1199558","$28,995","25,566","Exterior: Black StoneInterior: Off","Automatic 8-Speed","2.0","Automax Preowned of Framingham ","1199 Worcester Rd Framingham, MA 01701","(508) 205-1046","automaxpreowned.com/"
"75","75.txt","2014 Honda Accord LX","1HGCR2F33EA171845","$17,998","40,953","Exterior: Crystal Black PearlInterior: Black","CVT ","2.4","Automax Preowned of Framingham ","1199 Worcester Rd Framingham, MA 01701","(508) 205-1046","automaxpreowned.com/"
"76","76.txt","2008 GMC Yukon XL 1500","1GKFK16378J119606",NA,"97,250","Exterior: WhiteInterior: Blk Lthr","Automatic 4-Speed","5.3","Rt 9 Auto Sales ","1221 Worcester Rd Framingham, MA 01701","(508) 213-4680","www.rt9autos.com"
